Day_Type,Total_Sales,Total_Orders
Weekday,1.866714668599998E7,875601
Weekend,1808935.481999999,132311
