Country,Log_Total_Sales
United Kingdom,7.252157393040489
EIRE,5.822450396730229
Netherlands,5.743691863694076
Germany,5.634741656870559
France,5.552600816164503
Australia,5.2303674452005895
Spain,5.03813724258776
Switzerland,5.004369917452708
Sweden,4.9633330907416635
Denmark,4.844242195530198
