Time_Period,Total_Sales,Total_Orders
Afternoon,1.161839728099999E7,713626
Morning,6826145.147000007,292453
Evening,410439.4200000001,26955
